"","Package","LibPath","Version","Priority","Depends","Imports","LinkingTo","Suggests","Enhances","License","License_is_FOSS","License_restricts_use","OS_type","MD5sum","NeedsCompilation","Built"
"abind","abind","C:/Users/albert/AppData/Local/R/win-library/4.2","1.4-5",NA,"R (>= 1.5.0)","methods, utils",NA,NA,NA,"LGPL (>= 2)",NA,NA,NA,NA,"no","4.2.0"
"askpass","askpass","C:/Users/albert/AppData/Local/R/win-library/4.2","1.1",NA,NA,"sys (>= 2.1)",NA,"testthat",NA,"MIT + file LICENSE",NA,NA,NA,NA,"yes","4.2.2"
"assertthat","assertthat","C:/Users/albert/AppData/Local/R/win-library/4.2","0.2.1",NA,NA,"tools",NA,"testthat, covr",NA,"GPL-3",NA,NA,NA,NA,"no","4.2.2"
"backports","backports","C:/Users/albert/AppData/Local/R/win-library/4.2","1.4.1",NA,"R (>= 3.0.0)",NA,NA,NA,NA,"GPL-2 | GPL-3",NA,NA,NA,NA,"yes","4.2.0"
"base64enc","base64enc","C:/Users/albert/AppData/Local/R/win-library/4.2","0.1-3",NA,"R (>= 2.9.0)",NA,NA,NA,"png","GPL-2 | GPL-3",NA,NA,NA,NA,"yes","4.2.0"
"bayesplot","bayesplot","C:/Users/albert/AppData/Local/R/win-library/4.2","1.10.0",NA,"R (>= 3.1.0)","dplyr (>= 0.8.0), ggplot2 (>= 3.0.0), ggridges, glue,
posterior, reshape2, rlang (>= 0.3.0), stats, tibble (>=
2.0.0), tidyselect, utils",NA,"ggfortify, gridExtra (>= 2.2.1), hexbin, knitr (>= 1.16), loo
(>= 2.0.0), RColorBrewer, rmarkdown (>= 1.0.0), rstan (>=
2.17.1), rstanarm (>= 2.17.4), rstantools (>= 1.5.0), scales,
shinystan (>= 2.3.0), survival, testthat (>= 2.0.0), vdiffr (>=
1.0.2)",NA,"GPL (>= 3)",NA,NA,NA,NA,"no","4.2.2"
"BH","BH","C:/Users/albert/AppData/Local/R/win-library/4.2","1.78.0-0",NA,NA,NA,NA,NA,NA,"BSL-1.0",NA,NA,NA,NA,"no","4.2.0"
"bit","bit","C:/Users/albert/AppData/Local/R/win-library/4.2","4.0.4",NA,"R (>= 2.9.2)",NA,NA,"testthat (>= 0.11.0), roxygen2, knitr, rmarkdown,
microbenchmark, bit64 (>= 4.0.0), ff (>= 4.0.0)",NA,"GPL-2 | GPL-3",NA,NA,NA,NA,"yes","4.2.2"
"bit64","bit64","C:/Users/albert/AppData/Local/R/win-library/4.2","4.0.5",NA,"R (>= 3.0.1), bit (>= 4.0.0), utils, methods, stats",NA,NA,NA,NA,"GPL-2 | GPL-3",NA,NA,NA,NA,"yes","4.2.2"
"blob","blob","C:/Users/albert/AppData/Local/R/win-library/4.2","1.2.3",NA,NA,"methods, rlang, vctrs (>= 0.2.1)",NA,"covr, crayon, pillar (>= 1.2.1), testthat",NA,"MIT + file LICENSE",NA,NA,NA,NA,"no","4.2.2"
"brew","brew","C:/Users/albert/AppData/Local/R/win-library/4.2","1.0-8",NA,NA,NA,NA,"testthat (>= 3.0.0)",NA,"GPL-2",NA,NA,NA,NA,"no","4.2.2"
"broom","broom","C:/Users/albert/AppData/Local/R/win-library/4.2","1.0.1",NA,"R (>= 3.1)","backports, dplyr (>= 1.0.0), ellipsis, generics (>= 0.0.2),
glue, purrr, rlang, stringr, tibble (>= 3.0.0), tidyr (>=
1.0.0), ggplot2",NA,"AER, AUC, bbmle, betareg, biglm, binGroup, boot, btergm (>=
1.10.6), car, carData, caret, cluster, cmprsk, coda, covr, drc,
e1071, emmeans, epiR, ergm (>= 3.10.4), fixest (>= 0.9.0), gam
(>= 1.15), gee, geepack, glmnet, glmnetUtils, gmm, Hmisc,
irlba, interp, joineRML, Kendall, knitr, ks, Lahman, lavaan,
leaps, lfe, lm.beta, lme4, lmodel2, lmtest (>= 0.9.38),
lsmeans, maps, maptools, margins, MASS, mclust, mediation,
metafor, mfx, mgcv, mlogit, modeldata, modeltests, muhaz,
multcomp, network, nnet, orcutt (>= 2.2), ordinal, plm, poLCA,
psych, quantreg, rgeos, rmarkdown, robust, robustbase, rsample,
sandwich, sp, spdep (>= 1.1), spatialreg, speedglm, spelling,
survey, survival, systemfit, testthat (>= 2.1.0), tseries,
vars, zoo",NA,"MIT + file LICENSE",NA,NA,NA,NA,"no","4.2.2"
"bslib","bslib","C:/Users/albert/AppData/Local/R/win-library/4.2","0.4.1",NA,"R (>= 2.10)","grDevices, htmltools (>= 0.5.2), jsonlite, sass (>= 0.4.0),
jquerylib (>= 0.1.3), rlang, cachem, memoise (>= 2.0.1)",NA,"shiny (>= 1.6.0), rmarkdown (>= 2.7), thematic, knitr,
testthat, withr, rappdirs, curl, magrittr",NA,"MIT + file LICENSE",NA,NA,NA,NA,"no","4.2.2"
"cachem","cachem","C:/Users/albert/AppData/Local/R/win-library/4.2","1.0.6",NA,NA,"rlang, fastmap",NA,"testthat",NA,"MIT + file LICENSE",NA,NA,NA,NA,"yes","4.2.2"
"callr","callr","C:/Users/albert/AppData/Local/R/win-library/4.2","3.7.3",NA,"R (>= 3.4)","processx (>= 3.6.1), R6, utils",NA,"asciicast, cli (>= 1.1.0), covr, mockery, ps, rprojroot,
spelling, testthat (>= 3.0.0), withr (>= 2.3.0)",NA,"MIT + file LICENSE",NA,NA,NA,NA,"no","4.2.2"
"cellranger","cellranger","C:/Users/albert/AppData/Local/R/win-library/4.2","1.1.0",NA,"R (>= 3.0.0)","rematch, tibble",NA,"covr, testthat (>= 1.0.0), knitr, rmarkdown",NA,"MIT + file LICENSE",NA,NA,NA,NA,"no","4.2.2"
"checkmate","checkmate","C:/Users/albert/AppData/Local/R/win-library/4.2","2.1.0",NA,"R (>= 3.0.0)","backports (>= 1.1.0), utils",NA,"R6, fastmatch, data.table (>= 1.9.8), devtools, ggplot2,
knitr, magrittr, microbenchmark, rmarkdown, testthat (>=
3.0.4), tinytest (>= 1.1.0), tibble",NA,"BSD_3_clause + file LICENSE",NA,NA,NA,NA,"yes","4.2.2"
"cli","cli","C:/Users/albert/AppData/Local/R/win-library/4.2","3.4.1",NA,"R (>= 3.4)","utils",NA,"callr, covr, digest, glue (>= 1.6.0), grDevices, htmltools,
htmlwidgets, knitr, methods, mockery, processx, ps (>=
1.3.4.9000), rlang (>= 1.0.2.9003), rmarkdown, rprojroot,
rstudioapi, testthat, tibble, whoami, withr",NA,"MIT + file LICENSE",NA,NA,NA,NA,"yes","4.2.2"
"clipr","clipr","C:/Users/albert/AppData/Local/R/win-library/4.2","0.8.0",NA,NA,"utils",NA,"covr, knitr, rmarkdown, rstudioapi (>= 0.5), testthat (>=
2.0.0)",NA,"GPL-3",NA,NA,NA,NA,"no","4.2.2"
"collections","collections","C:/Users/albert/AppData/Local/R/win-library/4.2","0.3.6",NA,NA,NA,NA,"testthat (>= 2.3.1)",NA,"MIT + file LICENSE",NA,NA,NA,NA,"yes","4.2.2"
"colorspace","colorspace","C:/Users/albert/AppData/Local/R/win-library/4.2","2.0-3",NA,"R (>= 3.0.0), methods","graphics, grDevices, stats",NA,"datasets, utils, KernSmooth, MASS, kernlab, mvtnorm, vcd,
tcltk, shiny, shinyjs, ggplot2, dplyr, scales, grid, png, jpeg,
knitr, rmarkdown, RColorBrewer, rcartocolor, scico, viridis,
wesanderson",NA,"BSD_3_clause + file LICENSE",NA,NA,NA,NA,"yes","4.2.2"
"commonmark","commonmark","C:/Users/albert/AppData/Local/R/win-library/4.2","1.8.1",NA,NA,NA,NA,"curl, testthat, xml2",NA,"BSD_2_clause + file LICENSE",NA,NA,NA,NA,"yes","4.2.2"
"cpp11","cpp11","C:/Users/albert/AppData/Local/R/win-library/4.2","0.4.3",NA,NA,NA,NA,"bench, brio, callr, cli, covr, decor, desc, ggplot2, glue,
knitr, lobstr, mockery, progress, rmarkdown, scales, Rcpp,
testthat, tibble, utils, vctrs, withr",NA,"MIT + file LICENSE",NA,NA,NA,NA,"no","4.2.2"
"crayon","crayon","C:/Users/albert/AppData/Local/R/win-library/4.2","1.5.2",NA,NA,"grDevices, methods, utils",NA,"mockery, rstudioapi, testthat, withr",NA,"MIT + file LICENSE",NA,NA,NA,NA,"no","4.2.2"
"curl","curl","C:/Users/albert/AppData/Local/R/win-library/4.2","4.3.3",NA,"R (>= 3.0.0)",NA,NA,"spelling, testthat (>= 1.0.0), knitr, jsonlite, rmarkdown,
magrittr, httpuv (>= 1.4.4), webutils",NA,"MIT + file LICENSE",NA,NA,NA,NA,"yes","4.2.2"
"cyclocomp","cyclocomp","C:/Users/albert/AppData/Local/R/win-library/4.2","1.1.0",NA,NA,"callr, crayon, desc, remotes, withr",NA,"testthat",NA,"MIT + file LICENSE",NA,NA,NA,NA,"no","4.2.2"
"data.table","data.table","C:/Users/albert/AppData/Local/R/win-library/4.2","1.14.4",NA,"R (>= 3.1.0)","methods",NA,"bit64 (>= 4.0.0), bit (>= 4.0.4), curl, R.utils, xts,
nanotime, zoo (>= 1.8-1), yaml, knitr, rmarkdown",NA,"MPL-2.0 | file LICENSE",NA,NA,NA,NA,"yes","4.2.2"
"DBI","DBI","C:/Users/albert/AppData/Local/R/win-library/4.2","1.1.3",NA,"methods, R (>= 3.0.0)",NA,NA,"blob, covr, DBItest, dbplyr, downlit, dplyr, glue, hms,
knitr, magrittr, RMariaDB, rmarkdown, rprojroot, RSQLite (>=
1.1-2), testthat, xml2",NA,"LGPL (>= 2.1)",NA,NA,NA,NA,"no","4.2.2"
"dbplyr","dbplyr","C:/Users/albert/AppData/Local/R/win-library/4.2","2.2.1",NA,"R (>= 3.1)","assertthat (>= 0.2.0), blob (>= 1.2.0), cli (>= 3.3.0), DBI
(>= 1.0.0), dplyr (>= 1.0.9), glue (>= 1.2.0), lifecycle (>=
1.0.0), magrittr, methods, pillar (>= 1.5.0), purrr (>= 0.2.5),
R6 (>= 2.2.2), rlang (>= 1.0.0), tibble (>= 1.4.2), tidyselect
(>= 0.2.4), utils, vctrs (>= 0.4.1), withr",NA,"bit64, covr, knitr, Lahman, nycflights13, odbc, RMariaDB (>=
1.0.2), rmarkdown, RPostgres (>= 1.1.3), RPostgreSQL, RSQLite
(>= 2.1.0), testthat (>= 3.0.2), tidyr (>= 1.2.0)",NA,"MIT + file LICENSE",NA,NA,NA,NA,"no","4.2.2"
"desc","desc","C:/Users/albert/AppData/Local/R/win-library/4.2","1.4.2",NA,"R (>= 3.4)","cli, R6, rprojroot, utils",NA,"callr, covr, gh, spelling, testthat, whoami, withr",NA,"MIT + file LICENSE",NA,NA,NA,NA,"no","4.2.2"
"deSolve","deSolve","C:/Users/albert/AppData/Local/R/win-library/4.2","1.34",NA,"R (>= 3.3.0)","methods, graphics, grDevices, stats",NA,"scatterplot3d, FME",NA,"GPL (>= 2)",NA,NA,NA,NA,"yes","4.2.2"
"digest","digest","C:/Users/albert/AppData/Local/R/win-library/4.2","0.6.30",NA,"R (>= 3.3.0)","utils",NA,"tinytest, simplermarkdown",NA,"GPL (>= 2)",NA,NA,NA,NA,"yes","4.2.2"
"distributional","distributional","C:/Users/albert/AppData/Local/R/win-library/4.2","0.3.1",NA,NA,"vctrs (>= 0.3.0), rlang (>= 0.4.5), generics, stats, numDeriv,
ggplot2, scales, farver, digest, utils, lifecycle",NA,"testthat (>= 2.1.0), covr, mvtnorm, actuar (>= 2.0.0), ggdist",NA,"GPL-3",NA,NA,NA,NA,"no","4.2.2"
"dplyr","dplyr","C:/Users/albert/AppData/Local/R/win-library/4.2","1.0.10",NA,"R (>= 3.4.0)","generics, glue (>= 1.3.2), lifecycle (>= 1.0.1), magrittr (>=
1.5), methods, R6, rlang (>= 1.0.2), tibble (>= 2.1.3),
tidyselect (>= 1.1.1), utils, vctrs (>= 0.4.1), pillar (>=
1.5.1)",NA,"bench, broom, callr, covr, DBI, dbplyr (>= 1.4.3), ggplot2,
knitr, Lahman, lobstr, microbenchmark, nycflights13, purrr,
rmarkdown, RMySQL, RPostgreSQL, RSQLite, testthat (>= 3.1.1),
tidyr, withr",NA,"MIT + file LICENSE",NA,NA,NA,NA,"yes","4.2.2"
"dtplyr","dtplyr","C:/Users/albert/AppData/Local/R/win-library/4.2","1.2.2",NA,"R (>= 3.3)","crayon, data.table (>= 1.13.0), dplyr (>= 1.0.3), ellipsis,
glue, lifecycle, rlang, tibble, tidyselect, vctrs",NA,"bench, covr, knitr, rmarkdown, testthat (>= 3.0.0), tidyr (>=
1.1.0)",NA,"MIT + file LICENSE",NA,NA,NA,NA,"no","4.2.2"
"ellipsis","ellipsis","C:/Users/albert/AppData/Local/R/win-library/4.2","0.3.2",NA,"R (>= 3.2)","rlang (>= 0.3.0)",NA,"covr, testthat",NA,"MIT + file LICENSE",NA,NA,NA,NA,"yes","4.2.2"
"ensurer","ensurer","C:/Users/albert/AppData/Local/R/win-library/4.2","1.1",NA,NA,NA,NA,"magrittr, testthat, knitr",NA,"MIT + file LICENSE",NA,NA,NA,NA,"no","4.2.2"
"evaluate","evaluate","C:/Users/albert/AppData/Local/R/win-library/4.2","0.18",NA,"R (>= 3.0.2)","methods",NA,"covr, ggplot2, lattice, testthat",NA,"MIT + file LICENSE",NA,NA,NA,NA,"no","4.2.2"
"fansi","fansi","C:/Users/albert/AppData/Local/R/win-library/4.2","1.0.3",NA,"R (>= 3.1.0)","grDevices, utils",NA,"unitizer, knitr, rmarkdown",NA,"GPL-2 | GPL-3",NA,NA,NA,NA,"yes","4.2.2"
"farver","farver","C:/Users/albert/AppData/Local/R/win-library/4.2","2.1.1",NA,NA,NA,NA,"covr, testthat (>= 3.0.0)",NA,"MIT + file LICENSE",NA,NA,NA,NA,"yes","4.2.2"
"fastmap","fastmap","C:/Users/albert/AppData/Local/R/win-library/4.2","1.1.0",NA,NA,NA,NA,"testthat (>= 2.1.1)",NA,"MIT + file LICENSE",NA,NA,NA,NA,"yes","4.2.2"
"forcats","forcats","C:/Users/albert/AppData/Local/R/win-library/4.2","0.5.2",NA,"R (>= 3.4)","cli, ellipsis, glue, lifecycle, magrittr, rlang (>= 1.0.0),
tibble, withr",NA,"covr, dplyr, ggplot2, knitr, readr, rmarkdown, testthat (>=
3.0.0)",NA,"MIT + file LICENSE",NA,NA,NA,NA,"no","4.2.2"
"fs","fs","C:/Users/albert/AppData/Local/R/win-library/4.2","1.5.2",NA,"R (>= 3.1)","methods",NA,"testthat, covr, pillar (>= 1.0.0), tibble (>= 1.1.0), crayon,
rmarkdown, knitr, withr, spelling, vctrs (>= 0.3.0)",NA,"MIT + file LICENSE",NA,NA,NA,NA,"yes","4.2.2"
"gargle","gargle","C:/Users/albert/AppData/Local/R/win-library/4.2","1.2.1",NA,"R (>= 3.5)","cli (>= 3.0.0), fs (>= 1.3.1), glue (>= 1.3.0), httr (>=
1.4.0), jsonlite, rappdirs, rlang (>= 1.0.0), rstudioapi,
stats, utils, withr",NA,"aws.ec2metadata, aws.signature, covr, httpuv, knitr, mockr,
rmarkdown, sodium, spelling, testthat (>= 3.1.2)",NA,"MIT + file LICENSE",NA,NA,NA,NA,"no","4.2.2"
"generics","generics","C:/Users/albert/AppData/Local/R/win-library/4.2","0.1.3",NA,"R (>= 3.2)","methods",NA,"covr, pkgload, testthat (>= 3.0.0), tibble, withr",NA,"MIT + file LICENSE",NA,NA,NA,NA,"no","4.2.2"
"ggplot2","ggplot2","C:/Users/albert/AppData/Local/R/win-library/4.2","3.4.0",NA,"R (>= 3.3)","cli, glue, grDevices, grid, gtable (>= 0.1.1), isoband,
lifecycle (> 1.0.1), MASS, mgcv, rlang (>= 1.0.0), scales (>=
1.2.0), stats, tibble, vctrs (>= 0.5.0), withr (>= 2.5.0)",NA,"covr, dplyr, ggplot2movies, hexbin, Hmisc, knitr, lattice,
mapproj, maps, maptools, multcomp, munsell, nlme, profvis,
quantreg, ragg, RColorBrewer, rgeos, rmarkdown, rpart, sf (>=
0.7-3), svglite (>= 1.2.0.9001), testthat (>= 3.1.2), vdiffr
(>= 1.0.0), xml2","sp","MIT + file LICENSE",NA,NA,NA,NA,"no","4.2.2"
"ggridges","ggridges","C:/Users/albert/AppData/Local/R/win-library/4.2","0.5.4",NA,"R (>= 3.2)","ggplot2 (>= 3.0.0), grid (>= 3.0.0), scales (>= 0.4.1), withr
(>= 2.1.1)",NA,"covr, dplyr, patchwork, ggplot2movies, forcats, knitr,
rmarkdown, testthat, vdiffr",NA,"GPL-2 | file LICENSE",NA,NA,NA,NA,"no","4.2.2"
"glue","glue","C:/Users/albert/AppData/Local/R/win-library/4.2","1.6.2",NA,"R (>= 3.4)","methods",NA,"covr, crayon, DBI, dplyr, forcats, ggplot2, knitr, magrittr,
microbenchmark, R.utils, rmarkdown, rprintf, RSQLite, stringr,
testthat (>= 3.0.0), vctrs (>= 0.3.0), waldo (>= 0.3.0), withr",NA,"MIT + file LICENSE",NA,NA,NA,NA,"yes","4.2.2"
"googledrive","googledrive","C:/Users/albert/AppData/Local/R/win-library/4.2","2.0.0",NA,"R (>= 3.3)","cli (>= 3.0.0), gargle (>= 1.2.0), glue (>= 1.4.2), httr,
jsonlite, lifecycle, magrittr, pillar, purrr (>= 0.2.3), rlang
(>= 0.4.9), tibble (>= 2.0.0), utils, uuid, vctrs (>= 0.3.0),
withr",NA,"covr, curl, downlit, dplyr (>= 1.0.0), knitr, mockr,
rmarkdown, roxygen2, sodium, spelling, testthat (>= 3.0.0)",NA,"MIT + file LICENSE",NA,NA,NA,NA,"no","4.2.2"
"googlesheets4","googlesheets4","C:/Users/albert/AppData/Local/R/win-library/4.2","1.0.1",NA,"R (>= 3.4)","cellranger, cli (>= 3.0.0), curl, gargle (>= 1.2.0), glue (>=
1.3.0), googledrive (>= 2.0.0), httr, ids, magrittr, methods,
purrr, rematch2, rlang (>= 1.0.2), tibble (>= 2.1.1), utils,
vctrs (>= 0.2.3)",NA,"covr, readr, rmarkdown, sodium, spelling, testthat (>=
3.1.3), withr",NA,"MIT + file LICENSE",NA,NA,NA,NA,"no","4.2.2"
"gridExtra","gridExtra","C:/Users/albert/AppData/Local/R/win-library/4.2","2.3",NA,NA,"gtable, grid, grDevices, graphics, utils",NA,"ggplot2, egg, lattice, knitr, testthat",NA,"GPL (>= 2)",NA,NA,NA,NA,"no","4.2.2"
"gtable","gtable","C:/Users/albert/AppData/Local/R/win-library/4.2","0.3.1",NA,"R (>= 3.0)","grid",NA,"covr, testthat, knitr, rmarkdown, ggplot2, profvis",NA,"MIT + file LICENSE",NA,NA,NA,NA,"no","4.2.2"
"haven","haven","C:/Users/albert/AppData/Local/R/win-library/4.2","2.5.1",NA,"R (>= 3.4)","cli (>= 3.0.0), forcats (>= 0.2.0), hms, lifecycle, methods,
readr (>= 0.1.0), rlang (>= 0.4.0), tibble, tidyselect, vctrs
(>= 0.3.0)","cpp11","covr, crayon, fs, knitr, pillar (>= 1.4.0), rmarkdown,
testthat (>= 3.0.0)",NA,"MIT + file LICENSE",NA,NA,NA,NA,"yes","4.2.2"
"highr","highr","C:/Users/albert/AppData/Local/R/win-library/4.2","0.9",NA,"R (>= 3.2.3)","xfun (>= 0.18)",NA,"knitr, markdown, testit",NA,"GPL",NA,NA,NA,NA,"no","4.2.2"
"hms","hms","C:/Users/albert/AppData/Local/R/win-library/4.2","1.1.2",NA,NA,"ellipsis (>= 0.3.2), lifecycle, methods, pkgconfig, rlang,
vctrs (>= 0.3.8)",NA,"crayon, lubridate, pillar (>= 1.1.0), testthat (>= 3.0.0)",NA,"MIT + file LICENSE",NA,NA,NA,NA,"no","4.2.2"
"htmltools","htmltools","C:/Users/albert/AppData/Local/R/win-library/4.2","0.5.3",NA,"R (>= 2.14.1)","utils, digest, grDevices, base64enc, rlang (>= 0.4.10),
fastmap (>= 1.1.0)",NA,"markdown, testthat, withr, Cairo, ragg, shiny","knitr","GPL (>= 2)",NA,NA,NA,NA,"yes","4.2.2"
"httr","httr","C:/Users/albert/AppData/Local/R/win-library/4.2","1.4.4",NA,"R (>= 3.2)","curl (>= 3.0.0), jsonlite, mime, openssl (>= 0.8), R6",NA,"covr, httpuv, jpeg, knitr, png, readr, rmarkdown, testthat
(>= 0.8.0), xml2",NA,"MIT + file LICENSE",NA,NA,NA,NA,"no","4.2.2"
"ids","ids","C:/Users/albert/AppData/Local/R/win-library/4.2","1.0.1",NA,NA,"openssl, uuid",NA,"knitr, rcorpora, rmarkdown, testthat",NA,"MIT + file LICENSE",NA,NA,NA,NA,"no","4.2.2"
"inline","inline","C:/Users/albert/AppData/Local/R/win-library/4.2","0.3.19",NA,NA,"methods",NA,"Rcpp (>= 0.11.0), tinytest",NA,"LGPL",NA,NA,NA,NA,"no","4.2.2"
"isoband","isoband","C:/Users/albert/AppData/Local/R/win-library/4.2","0.2.6",NA,NA,"grid, utils",NA,"covr, ggplot2, knitr, magick, microbenchmark, rmarkdown, sf,
testthat, xml2",NA,"MIT + file LICENSE",NA,NA,NA,NA,"yes","4.2.2"
"jquerylib","jquerylib","C:/Users/albert/AppData/Local/R/win-library/4.2","0.1.4",NA,NA,"htmltools",NA,"testthat",NA,"MIT + file LICENSE",NA,NA,NA,NA,"no","4.2.2"
"jsonlite","jsonlite","C:/Users/albert/AppData/Local/R/win-library/4.2","1.8.3",NA,"methods",NA,NA,"httr, vctrs, testthat, knitr, rmarkdown, R.rsp, sf",NA,"MIT + file LICENSE",NA,NA,NA,NA,"yes","4.2.2"
"knitr","knitr","C:/Users/albert/AppData/Local/R/win-library/4.2","1.41",NA,"R (>= 3.3.0)","evaluate (>= 0.15), highr, methods, stringr (>= 0.6), yaml (>=
2.1.19), xfun (>= 0.34), tools",NA,"markdown (>= 1.3), formatR, testit, digest, rgl (>=
0.95.1201), codetools, rmarkdown, htmlwidgets (>= 0.7),
webshot, tikzDevice (>= 0.10), tinytex, reticulate (>= 1.4),
JuliaCall (>= 0.11.1), magick, png, jpeg, gifski, xml2 (>=
1.2.0), httr, DBI (>= 0.4-1), showtext, tibble, sass, bslib,
ragg, gridSVG, styler (>= 1.2.0), targets (>= 0.6.0)",NA,"GPL",NA,NA,NA,NA,"no","4.2.2"
"labeling","labeling","C:/Users/albert/AppData/Local/R/win-library/4.2","0.4.2",NA,NA,"stats, graphics",NA,NA,NA,"MIT + file LICENSE | Unlimited",NA,NA,NA,NA,"no","4.2.0"
"languageserver","languageserver","C:/Users/albert/AppData/Local/R/win-library/4.2","0.3.14",NA,"R (>= 3.4.0)","callr (>= 3.0.0), collections (>= 0.3.0), fs (>= 1.3.1),
jsonlite (>= 1.6), lintr (>= 3.0.0), parallel, R6 (>= 2.4.1),
roxygen2 (>= 7.0.0), stringi (>= 1.1.7), styler (>= 1.5.1),
tools, utils, xml2 (>= 1.2.2), xmlparsedata (>= 1.0.3)",NA,"covr (>= 3.4.0), magrittr (>= 1.5), mockery (>= 0.4.2),
processx (>= 3.4.1), purrr (>= 0.3.3), testthat (>= 2.1.0),
withr (>= 2.3.0), rmarkdown (>= 2.0)",NA,"MIT + file LICENSE",NA,NA,NA,NA,"yes","4.2.2"
"lazyeval","lazyeval","C:/Users/albert/AppData/Local/R/win-library/4.2","0.2.2",NA,"R (>= 3.1.0)",NA,NA,"knitr, rmarkdown (>= 0.2.65), testthat, covr",NA,"GPL-3",NA,NA,NA,NA,"yes","4.2.2"
"lifecycle","lifecycle","C:/Users/albert/AppData/Local/R/win-library/4.2","1.0.3",NA,"R (>= 3.4)","cli (>= 3.4.0), glue, rlang (>= 1.0.6)",NA,"covr, crayon, knitr, lintr, rmarkdown, testthat (>= 3.0.1),
tibble, tidyverse, tools, vctrs, withr",NA,"MIT + file LICENSE",NA,NA,NA,NA,"no","4.2.2"
"lintr","lintr","C:/Users/albert/AppData/Local/R/win-library/4.2","3.0.2",NA,"R (>= 3.2)","backports, codetools, crayon, cyclocomp, digest, glue,
jsonlite, knitr, rex, stats, utils, xml2 (>= 1.0.0),
xmlparsedata (>= 1.0.5)",NA,"covr, httr (>= 1.2.1), mockery, patrick, pkgdown, rmarkdown,
rstudioapi (>= 0.2), testthat (>= 3.0.0), tibble, withr (>=
2.5.0)",NA,"MIT + file LICENSE",NA,NA,NA,NA,"no","4.2.2"
"loo","loo","C:/Users/albert/AppData/Local/R/win-library/4.2","2.5.1",NA,"R (>= 3.1.2)","checkmate, matrixStats (>= 0.52), parallel, stats",NA,"bayesplot (>= 1.7.0), brms (>= 2.10.0), ggplot2, graphics,
knitr, rmarkdown, rstan, rstanarm (>= 2.19.0), rstantools,
spdep, testthat (>= 2.1.0)",NA,"GPL (>= 3)",NA,NA,NA,NA,"no","4.2.2"
"lubridate","lubridate","C:/Users/albert/AppData/Local/R/win-library/4.2","1.9.0",NA,"methods, timechange (>= 0.1.1), R (>= 3.2)","generics",NA,"covr, knitr, rmarkdown, testthat (>= 2.1.0), vctrs (>= 0.5.0)","chron, data.table, timeDate, tis, zoo","GPL (>= 2)",NA,NA,NA,NA,"yes","4.2.2"
"magrittr","magrittr","C:/Users/albert/AppData/Local/R/win-library/4.2","2.0.3",NA,"R (>= 3.4.0)",NA,NA,"covr, knitr, rlang, rmarkdown, testthat",NA,"MIT + file LICENSE",NA,NA,NA,NA,"yes","4.2.2"
"matrixStats","matrixStats","C:/Users/albert/AppData/Local/R/win-library/4.2","0.62.0",NA,"R (>= 2.12.0)",NA,NA,"base64enc, ggplot2, knitr, markdown, microbenchmark,
R.devices, R.rsp",NA,"Artistic-2.0",NA,NA,NA,NA,"yes","4.2.2"
"memoise","memoise","C:/Users/albert/AppData/Local/R/win-library/4.2","2.0.1",NA,NA,"rlang (>= 0.4.10), cachem",NA,"digest, aws.s3, covr, googleAuthR, googleCloudStorageR, httr,
testthat",NA,"MIT + file LICENSE",NA,NA,NA,NA,"no","4.2.2"
"mime","mime","C:/Users/albert/AppData/Local/R/win-library/4.2","0.12",NA,NA,"tools",NA,NA,NA,"GPL",NA,NA,NA,NA,"yes","4.2.0"
"modelr","modelr","C:/Users/albert/AppData/Local/R/win-library/4.2","0.1.10",NA,"R (>= 3.2)","broom, magrittr, purrr (>= 0.2.2), rlang (>= 1.0.6), tibble,
tidyr (>= 0.8.0), tidyselect, vctrs",NA,"compiler, covr, ggplot2, testthat (>= 3.0.0)",NA,"GPL-3",NA,NA,NA,NA,"no","4.2.2"
"modules","modules","C:/Users/albert/AppData/Local/R/win-library/4.2","0.10.0",NA,"R (>= 3.2.0)","utils",NA,"testthat, devtools, knitr, lintr, rmarkdown, parallel",NA,"MIT + file LICENSE",NA,NA,NA,NA,"no","4.2.2"
"munsell","munsell","C:/Users/albert/AppData/Local/R/win-library/4.2","0.5.0",NA,NA,"colorspace, methods",NA,"ggplot2, testthat",NA,"MIT + file LICENSE",NA,NA,NA,NA,"no","4.2.2"
"numDeriv","numDeriv","C:/Users/albert/AppData/Local/R/win-library/4.2","2016.8-1.1",NA,"R (>= 2.11.1)",NA,NA,NA,NA,"GPL-2",NA,NA,NA,NA,"no","4.2.0"
"openssl","openssl","C:/Users/albert/AppData/Local/R/win-library/4.2","2.0.4",NA,NA,"askpass",NA,"curl, testthat (>= 2.1.0), digest, knitr, rmarkdown,
jsonlite, jose, sodium",NA,"MIT + file LICENSE",NA,NA,NA,NA,"yes","4.2.2"
"openxlsx","openxlsx","C:/Users/albert/AppData/Local/R/win-library/4.2","4.2.5.1",NA,"R (>= 3.3.0)","grDevices, methods, Rcpp, stats, stringi, utils, zip","Rcpp","knitr, rmarkdown, roxygen2, testthat",NA,"MIT + file LICENSE",NA,NA,NA,NA,"yes","4.2.2"
"pillar","pillar","C:/Users/albert/AppData/Local/R/win-library/4.2","1.8.1",NA,NA,"cli (>= 2.3.0), fansi, glue, lifecycle, rlang (>= 1.0.2), utf8
(>= 1.1.0), utils, vctrs (>= 0.3.8)",NA,"bit64, debugme, DiagrammeR, dplyr, formattable, ggplot2,
knitr, lubridate, nanotime, nycflights13, palmerpenguins,
rmarkdown, scales, stringi, survival, testthat (>= 3.1.1),
tibble, units (>= 0.7.2), vdiffr, withr",NA,"MIT + file LICENSE",NA,NA,NA,NA,"no","4.2.2"
"pkgbuild","pkgbuild","C:/Users/albert/AppData/Local/R/win-library/4.2","1.3.1",NA,"R (>= 3.1)","callr (>= 3.2.0), cli, crayon, desc, prettyunits, R6,
rprojroot, withr (>= 2.3.0)",NA,"Rcpp, cpp11, testthat, covr",NA,"MIT + file LICENSE",NA,NA,NA,NA,"no","4.2.2"
"pkgconfig","pkgconfig","C:/Users/albert/AppData/Local/R/win-library/4.2","2.0.3",NA,NA,"utils",NA,"covr, testthat, disposables (>= 1.0.3)",NA,"MIT + file LICENSE",NA,NA,NA,NA,"no","4.2.2"
"pkgload","pkgload","C:/Users/albert/AppData/Local/R/win-library/4.2","1.3.2",NA,"R (>= 3.4.0)","cli (>= 3.3.0), crayon, desc, fs, glue, methods, rlang (>=
1.0.3), rprojroot, utils, withr (>= 2.4.3)",NA,"bitops, covr, mathjaxr, mockr, pak, pkgbuild, Rcpp, remotes,
rstudioapi, testthat (>= 3.1.0)",NA,"GPL-3",NA,NA,NA,NA,"no","4.2.2"
"plyr","plyr","C:/Users/albert/AppData/Local/R/win-library/4.2","1.8.8",NA,"R (>= 3.1.0)","Rcpp (>= 0.11.0)","Rcpp","abind, covr, doParallel, foreach, iterators, itertools,
tcltk, testthat",NA,"MIT + file LICENSE",NA,NA,NA,NA,"yes","4.2.2"
"posterior","posterior","C:/Users/albert/AppData/Local/R/win-library/4.2","1.3.1",NA,"R (>= 3.2.0)","methods, abind, checkmate, rlang (>= 0.4.7), stats, tibble (>=
3.0.0), vctrs, tensorA, pillar, distributional, parallel,
matrixStats",NA,"testthat (>= 2.1.0), caret (>= 6.0.84), gbm (>= 2.1.8),
randomForest (>= 4.6.14), e1071 (>= 1.7.3), dplyr, tidyr,
knitr, rmarkdown",NA,"BSD_3_clause + file LICENSE",NA,NA,NA,NA,"no","4.2.2"
"prettyunits","prettyunits","C:/Users/albert/AppData/Local/R/win-library/4.2","1.1.1",NA,NA,NA,NA,"codetools, covr, testthat",NA,"MIT + file LICENSE",NA,NA,NA,NA,"no","4.2.2"
"processx","processx","C:/Users/albert/AppData/Local/R/win-library/4.2","3.8.0",NA,"R (>= 3.4.0)","ps (>= 1.2.0), R6, utils",NA,"callr (>= 3.7.0), cli (>= 3.3.0), codetools, covr, curl,
debugme, parallel, rlang (>= 1.0.2), testthat (>= 3.0.0), withr",NA,"MIT + file LICENSE",NA,NA,NA,NA,"yes","4.2.2"
"progress","progress","C:/Users/albert/AppData/Local/R/win-library/4.2","1.2.2",NA,NA,"hms, prettyunits, R6, crayon",NA,"Rcpp, testthat, withr",NA,"MIT + file LICENSE",NA,NA,NA,NA,"no","4.2.2"
"ps","ps","C:/Users/albert/AppData/Local/R/win-library/4.2","1.7.2",NA,"R (>= 3.4)","utils",NA,"callr, covr, curl, pillar, pingr, processx (>= 3.1.0), R6,
rlang, testthat (>= 3.0.0),",NA,"MIT + file LICENSE",NA,NA,NA,NA,"yes","4.2.2"
"purrr","purrr","C:/Users/albert/AppData/Local/R/win-library/4.2","0.3.5",NA,"R (>= 3.2)","magrittr (>= 1.5), rlang (>= 0.3.1)",NA,"covr, crayon, dplyr (>= 0.7.8), httr, knitr, rmarkdown,
testthat, tibble, tidyselect, vctrs",NA,"GPL-3 | file LICENSE",NA,NA,NA,NA,"yes","4.2.2"
"R.cache","R.cache","C:/Users/albert/AppData/Local/R/win-library/4.2","0.16.0",NA,"R (>= 2.14.0)","utils, R.methodsS3 (>= 1.8.1), R.oo (>= 1.24.0), R.utils (>=
2.10.1), digest (>= 0.6.13)",NA,NA,NA,"LGPL (>= 2.1)",NA,NA,NA,NA,"no","4.2.2"
"R.methodsS3","R.methodsS3","C:/Users/albert/AppData/Local/R/win-library/4.2","1.8.2",NA,"R (>= 2.13.0)","utils",NA,"codetools",NA,"LGPL (>= 2.1)",NA,NA,NA,NA,"no","4.2.0"
"R.oo","R.oo","C:/Users/albert/AppData/Local/R/win-library/4.2","1.25.0",NA,"R (>= 2.13.0), R.methodsS3 (>= 1.8.1)","methods, utils",NA,"tools",NA,"LGPL (>= 2.1)",NA,NA,NA,NA,"no","4.2.0"
"R.utils","R.utils","C:/Users/albert/AppData/Local/R/win-library/4.2","2.12.2",NA,"R (>= 2.14.0), R.oo","methods, utils, tools, R.methodsS3",NA,"datasets, digest (>= 0.6.10)",NA,"LGPL (>= 2.1)",NA,NA,NA,NA,"no","4.2.2"
"R6","R6","C:/Users/albert/AppData/Local/R/win-library/4.2","2.5.1",NA,"R (>= 3.0)",NA,NA,"testthat, pryr",NA,"MIT + file LICENSE",NA,NA,NA,NA,"no","4.2.2"
"rappdirs","rappdirs","C:/Users/albert/AppData/Local/R/win-library/4.2","0.3.3",NA,"R (>= 3.2)",NA,NA,"roxygen2, testthat (>= 3.0.0), covr, withr",NA,"MIT + file LICENSE",NA,NA,NA,NA,"yes","4.2.2"
"RColorBrewer","RColorBrewer","C:/Users/albert/AppData/Local/R/win-library/4.2","1.1-3",NA,"R (>= 2.0.0)",NA,NA,NA,NA,"Apache License 2.0",NA,NA,NA,NA,"no","4.2.0"
"Rcpp","Rcpp","C:/Users/albert/AppData/Local/R/win-library/4.2","1.0.9",NA,NA,"methods, utils",NA,"tinytest, inline, rbenchmark, pkgKitten (>= 0.1.2)",NA,"GPL (>= 2)",NA,NA,NA,NA,"yes","4.2.2"
"RcppArmadillo","RcppArmadillo","C:/Users/albert/AppData/Local/R/win-library/4.2","0.11.4.2.1",NA,"R (>= 3.3.0)","Rcpp (>= 0.11.0), stats, utils, methods","Rcpp","tinytest, Matrix (>= 1.3.0), pkgKitten, reticulate, slam",NA,"GPL (>= 2)",NA,NA,NA,NA,"yes","4.2.2"
"RcppEigen","RcppEigen","C:/Users/albert/AppData/Local/R/win-library/4.2","0.3.3.9.3",NA,"R (>= 3.6.0)","Matrix (>= 1.1-0), Rcpp (>= 0.11.0), stats, utils","Rcpp","inline, tinytest, pkgKitten, microbenchmark",NA,"GPL (>= 2) | file LICENSE",NA,NA,NA,NA,"yes","4.2.2"
"RcppParallel","RcppParallel","C:/Users/albert/AppData/Local/R/win-library/4.2","5.1.5",NA,"R (>= 3.0.2)",NA,NA,"Rcpp, RUnit, knitr, rmarkdown",NA,"GPL (>= 3)",NA,NA,NA,NA,"yes","4.2.2"
"readr","readr","C:/Users/albert/AppData/Local/R/win-library/4.2","2.1.3",NA,"R (>= 3.4)","cli (>= 3.2.0), clipr, crayon, hms (>= 0.4.1), lifecycle (>=
0.2.0), methods, R6, rlang, tibble, utils, vroom (>= 1.6.0)","cpp11, tzdb (>= 0.1.1)","covr, curl, datasets, knitr, rmarkdown, spelling, stringi,
testthat (>= 3.1.2), tzdb (>= 0.1.1), waldo, withr, xml2",NA,"MIT + file LICENSE",NA,NA,NA,NA,"yes","4.2.2"
"readxl","readxl","C:/Users/albert/AppData/Local/R/win-library/4.2","1.4.1",NA,"R (>= 3.4)","cellranger, tibble (>= 2.0.1), utils","cpp11 (>= 0.4.0), progress","knitr, rmarkdown, testthat (>= 3.0.0)",NA,"MIT + file LICENSE",NA,NA,NA,NA,"yes","4.2.2"
"rematch","rematch","C:/Users/albert/AppData/Local/R/win-library/4.2","1.0.1",NA,NA,NA,NA,"covr, testthat",NA,"MIT + file LICENSE",NA,NA,NA,NA,"no","4.2.2"
"rematch2","rematch2","C:/Users/albert/AppData/Local/R/win-library/4.2","2.1.2",NA,NA,"tibble",NA,"covr, testthat",NA,"MIT + file LICENSE",NA,NA,NA,NA,"no","4.2.2"
"remotes","remotes","C:/Users/albert/AppData/Local/R/win-library/4.2","2.4.2",NA,"R (>= 3.0.0)","methods, stats, tools, utils",NA,"brew, callr, codetools, curl, covr, git2r (>= 0.23.0), knitr,
mockery, pkgbuild (>= 1.0.1), pingr, rmarkdown, rprojroot,
testthat, webfakes, withr",NA,"MIT + file LICENSE",NA,NA,NA,NA,"no","4.2.2"
"reprex","reprex","C:/Users/albert/AppData/Local/R/win-library/4.2","2.0.2",NA,"R (>= 3.4)","callr (>= 3.6.0), cli (>= 3.2.0), clipr (>= 0.4.0), fs, glue,
knitr (>= 1.23), lifecycle, rlang (>= 1.0.0), rmarkdown,
rstudioapi, utils, withr (>= 2.3.0)",NA,"covr, fortunes, miniUI, mockr, rprojroot, sessioninfo, shiny,
spelling, styler (>= 1.2.0), testthat (>= 3.0.2)",NA,"MIT + file LICENSE",NA,NA,NA,NA,"no","4.2.2"
"reshape2","reshape2","C:/Users/albert/AppData/Local/R/win-library/4.2","1.4.4",NA,"R (>= 3.1)","plyr (>= 1.8.1), Rcpp, stringr","Rcpp","covr, lattice, testthat (>= 0.8.0)",NA,"MIT + file LICENSE",NA,NA,NA,NA,"yes","4.2.2"
"rex","rex","C:/Users/albert/AppData/Local/R/win-library/4.2","1.2.1",NA,NA,"lazyeval",NA,"covr, dplyr, ggplot2, Hmisc, knitr, magrittr, rmarkdown,
roxygen2, rvest, stringr, testthat",NA,"MIT + file LICENSE",NA,NA,NA,NA,"no","4.2.2"
"rio","rio","C:/Users/albert/AppData/Local/R/win-library/4.2","0.5.29",NA,"R (>= 2.15.0)","tools, stats, utils, foreign, haven (>= 1.1.2), curl (>= 0.6),
data.table (>= 1.9.8), readxl (>= 0.1.1), openxlsx, tibble",NA,"datasets, bit64, testthat, knitr, magrittr, arrow, clipr,
feather, fst, hexView, jsonlite, pzfx, readODS (>= 1.6.4),
readr, rmarkdown, rmatio, xml2 (>= 1.2.0), yaml",NA,"GPL-2",NA,NA,NA,NA,"no","4.2.2"
"rlang","rlang","C:/Users/albert/AppData/Local/R/win-library/4.2","1.0.6",NA,"R (>= 3.4.0)","utils",NA,"cli (>= 3.1.0), covr, crayon, fs, glue, knitr, magrittr,
methods, pillar, rmarkdown, stats, testthat (>= 3.0.0), tibble,
usethis, vctrs (>= 0.2.3), withr","winch","MIT + file LICENSE",NA,NA,NA,NA,"yes","4.2.2"
"rmarkdown","rmarkdown","C:/Users/albert/AppData/Local/R/win-library/4.2","2.18",NA,"R (>= 3.0)","bslib (>= 0.2.5.1), evaluate (>= 0.13), htmltools (>= 0.5.1),
jquerylib, jsonlite, knitr (>= 1.22), methods, stringr (>=
1.2.0), tinytex (>= 0.31), tools, utils, xfun (>= 0.30), yaml
(>= 2.1.19)",NA,"digest, dygraphs, fs, rsconnect, downlit (>= 0.4.0), katex
(>= 1.4.0), sass (>= 0.4.0), shiny (>= 1.6.0), testthat (>=
3.0.3), tibble, tufte, vctrs, withr (>= 2.4.2)",NA,"GPL-3",NA,NA,NA,NA,"no","4.2.2"
"roll","roll","C:/Users/albert/AppData/Local/R/win-library/4.2","1.1.6",NA,NA,"Rcpp, RcppParallel","Rcpp, RcppArmadillo, RcppParallel","covr, testthat, zoo",NA,"GPL (>= 2)",NA,NA,NA,NA,"yes","4.2.2"
"roxygen2","roxygen2","C:/Users/albert/AppData/Local/R/win-library/4.2","7.2.2",NA,"R (>= 3.3)","brew, cli (>= 3.3.0), commonmark, desc (>= 1.2.0), digest,
knitr, methods, pkgload (>= 1.0.2), purrr (>= 0.3.3), R6 (>=
2.1.2), rlang (>= 1.0.0), stringi, stringr (>= 1.0.0), utils,
withr, xml2","cpp11","covr, R.methodsS3, R.oo, rmarkdown (>= 2.16), testthat (>=
3.1.2), yaml",NA,"MIT + file LICENSE",NA,NA,NA,NA,"yes","4.2.2"
"rprojroot","rprojroot","C:/Users/albert/AppData/Local/R/win-library/4.2","2.0.3",NA,"R (>= 3.0.0)",NA,NA,"covr, knitr, lifecycle, mockr, rmarkdown, testthat (>=
3.0.0), withr",NA,"MIT + file LICENSE",NA,NA,NA,NA,"no","4.2.2"
"rstan","rstan","C:/Users/albert/AppData/Local/R/win-library/4.2","2.26.13",NA,"R (>= 3.4.0), StanHeaders (>= 2.26.13)","methods, stats4, inline (>= 0.3.19), gridExtra (>= 2.3), Rcpp
(>= 1.0.7), RcppParallel (>= 5.1.4), loo (>= 2.4.1), pkgbuild
(>= 1.2.0), V8 (>= 3.6.0), ggplot2 (>= 3.3.5)","Rcpp (>= 1.0.7), RcppEigen (>= 0.3.3.9.1), BH (>= 1.75.0-0),
StanHeaders (>= 2.26.13), RcppParallel (>= 5.1.4)","testthat (>= 3.0.4), parallel, KernSmooth, shinystan,
bayesplot, rmarkdown, rstantools, rstudioapi, Matrix, knitr",NA,"GPL (>=3)",NA,NA,NA,NA,"yes","4.2.1"
"rstudioapi","rstudioapi","C:/Users/albert/AppData/Local/R/win-library/4.2","0.14",NA,NA,NA,NA,"testthat, knitr, rmarkdown, clipr, covr",NA,"MIT + file LICENSE",NA,NA,NA,NA,"no","4.2.2"
"rvest","rvest","C:/Users/albert/AppData/Local/R/win-library/4.2","1.0.3",NA,"R (>= 3.2)","glue, cli, httr (>= 0.5), lifecycle (>= 1.0.0), magrittr,
rlang (>= 1.0.0), selectr, tibble, xml2 (>= 1.3), withr",NA,"covr, knitr, readr, repurrrsive, rmarkdown, spelling, stringi
(>= 0.3.1), testthat (>= 3.0.2), webfakes",NA,"MIT + file LICENSE",NA,NA,NA,NA,"no","4.2.2"
"sass","sass","C:/Users/albert/AppData/Local/R/win-library/4.2","0.4.2",NA,NA,"fs, rlang (>= 0.4.10), htmltools (>= 0.5.1), R6, rappdirs",NA,"testthat, knitr, rmarkdown, withr, shiny, curl",NA,"MIT + file LICENSE",NA,NA,NA,NA,"yes","4.2.2"
"scales","scales","C:/Users/albert/AppData/Local/R/win-library/4.2","1.2.1",NA,"R (>= 3.2)","farver (>= 2.0.3), labeling, lifecycle, munsell (>= 0.5), R6,
RColorBrewer, rlang (>= 1.0.0), viridisLite",NA,"bit64, covr, dichromat, ggplot2, hms (>= 0.5.0), stringi,
testthat (>= 3.0.0), waldo (>= 0.4.0)",NA,"MIT + file LICENSE",NA,NA,NA,NA,"no","4.2.2"
"selectr","selectr","C:/Users/albert/AppData/Local/R/win-library/4.2","0.4-2",NA,"R (>= 3.0)","methods, stringr, R6",NA,"testthat, XML, xml2",NA,"BSD_3_clause + file LICENCE",NA,NA,NA,NA,"no","4.2.2"
"StanHeaders","StanHeaders","C:/Users/albert/AppData/Local/R/win-library/4.2","2.26.13",NA,"R (>= 3.4.0)","RcppParallel (>= 5.1.4)","RcppEigen, RcppParallel (>= 5.1.4)","Rcpp, BH (>= 1.75.0-0), knitr (>= 1.36), rmarkdown, Matrix,
methods, rstan",NA,"BSD_3_clause + file LICENSE",NA,NA,NA,NA,"yes","4.2.1"
"stringi","stringi","C:/Users/albert/AppData/Local/R/win-library/4.2","1.7.8",NA,"R (>= 3.1)","tools, utils, stats",NA,NA,NA,"file LICENSE",NA,NA,NA,NA,"yes","4.2.1"
"stringr","stringr","C:/Users/albert/AppData/Local/R/win-library/4.2","1.4.1",NA,"R (>= 3.1)","glue (>= 1.2.0), magrittr, stringi (>= 1.1.7)",NA,"covr, htmltools, htmlwidgets, knitr, rmarkdown, testthat",NA,"GPL-2 | file LICENSE",NA,NA,NA,NA,"no","4.2.2"
"styler","styler","C:/Users/albert/AppData/Local/R/win-library/4.2","1.8.1",NA,"R (>= 3.5.0)","cli (>= 3.1.1), magrittr (>= 2.0.0), purrr (>= 0.2.3), R.cache
(>= 0.15.0), rlang (>= 0.1.1), rprojroot (>= 1.1), tools, vctrs
(>= 0.4.1), withr (>= 2.3.0),",NA,"data.tree (>= 0.1.6), digest, dplyr, here, knitr, prettycode,
rmarkdown, roxygen2, rstudioapi (>= 0.7), tibble (>= 1.4.2),
testthat (>= 3.0.0)",NA,"MIT + file LICENSE",NA,NA,NA,NA,"no","4.2.2"
"sys","sys","C:/Users/albert/AppData/Local/R/win-library/4.2","3.4.1",NA,NA,NA,NA,"unix (>= 1.4), spelling, testthat",NA,"MIT + file LICENSE",NA,NA,NA,NA,"yes","4.2.2"
"tensorA","tensorA","C:/Users/albert/AppData/Local/R/win-library/4.2","0.36.2",NA,"R (>= 2.2.0), stats",NA,NA,NA,NA,"GPL (>= 2)",NA,NA,NA,NA,"yes","4.2.0"
"tibble","tibble","C:/Users/albert/AppData/Local/R/win-library/4.2","3.1.8",NA,"R (>= 3.1.0)","fansi (>= 0.4.0), lifecycle (>= 1.0.0), magrittr, methods,
pillar (>= 1.7.0), pkgconfig, rlang (>= 1.0.2), utils, vctrs
(>= 0.3.8)",NA,"bench, bit64, blob, brio, callr, cli, covr, crayon (>=
1.3.4), DiagrammeR, dplyr, evaluate, formattable, ggplot2, hms,
htmltools, knitr, lubridate, mockr, nycflights13, pkgbuild,
pkgload, purrr, rmarkdown, stringi, testthat (>= 3.0.2), tidyr,
withr",NA,"MIT + file LICENSE",NA,NA,NA,NA,"yes","4.2.2"
"tictoc","tictoc","C:/Users/albert/AppData/Local/R/win-library/4.2","1.1",NA,"R (>= 2.15), methods",NA,NA,"testthat (>= 3.0.0)",NA,"Apache License (== 2.0) | file LICENSE",NA,NA,NA,NA,"no","4.2.2"
"tidyr","tidyr","C:/Users/albert/AppData/Local/R/win-library/4.2","1.2.1",NA,"R (>= 3.1)","dplyr (>= 1.0.0), ellipsis (>= 0.1.0), glue, lifecycle,
magrittr, purrr, rlang, tibble (>= 2.1.1), tidyselect (>=
1.1.0), utils, vctrs (>= 0.3.7)","cpp11 (>= 0.4.0)","covr, data.table, jsonlite, knitr, readr, repurrrsive (>=
1.0.0), rmarkdown, testthat (>= 3.0.0)",NA,"MIT + file LICENSE",NA,NA,NA,NA,"yes","4.2.2"
"tidyselect","tidyselect","C:/Users/albert/AppData/Local/R/win-library/4.2","1.2.0",NA,"R (>= 3.4)","cli (>= 3.3.0), glue (>= 1.3.0), lifecycle (>= 1.0.3), rlang
(>= 1.0.4), vctrs (>= 0.4.1), withr",NA,"covr, crayon, dplyr, knitr, magrittr, rmarkdown, stringr,
testthat (>= 3.1.1), tibble (>= 2.1.3)",NA,"MIT + file LICENSE",NA,NA,NA,NA,"no","4.2.2"
"tidyverse","tidyverse","C:/Users/albert/AppData/Local/R/win-library/4.2","1.3.2",NA,"R (>= 3.3)","broom (>= 0.7.10), cli (>= 3.1.0), crayon (>= 1.4.2), dbplyr
(>= 2.1.1), dplyr (>= 1.0.7), dtplyr (>= 1.2.0), forcats (>=
0.5.1), ggplot2 (>= 3.3.5), googledrive (>= 2.0.0),
googlesheets4 (>= 1.0.0), haven (>= 2.4.3), hms (>= 1.1.1),
httr (>= 1.4.2), jsonlite (>= 1.7.2), lubridate (>= 1.8.0),
magrittr (>= 2.0.1), modelr (>= 0.1.8), pillar (>= 1.6.4),
purrr (>= 0.3.4), readr (>= 2.1.1), readxl (>= 1.3.1), reprex
(>= 2.0.1), rlang (>= 0.4.12), rstudioapi (>= 0.13), rvest (>=
1.0.2), stringr (>= 1.4.0), tibble (>= 3.1.6), tidyr (>=
1.1.4), xml2 (>= 1.3.3)",NA,"covr, feather, glue, knitr, rmarkdown, testthat",NA,"MIT + file LICENSE",NA,NA,NA,NA,"no","4.2.2"
"timechange","timechange","C:/Users/albert/AppData/Local/R/win-library/4.2","0.1.1",NA,"R (>= 3.3)",NA,"cpp11 (>= 0.2.7)","testthat, knitr",NA,"GPL-3",NA,NA,NA,NA,"yes","4.2.2"
"tinytex","tinytex","C:/Users/albert/AppData/Local/R/win-library/4.2","0.42",NA,NA,"xfun (>= 0.29)",NA,"testit, rstudioapi",NA,"MIT + file LICENSE",NA,NA,NA,NA,"no","4.2.2"
"tzdb","tzdb","C:/Users/albert/AppData/Local/R/win-library/4.2","0.3.0",NA,"R (>= 3.4.0)",NA,"cpp11 (>= 0.4.2)","covr, testthat (>= 3.0.0)",NA,"MIT + file LICENSE",NA,NA,NA,NA,"yes","4.2.2"
"utf8","utf8","C:/Users/albert/AppData/Local/R/win-library/4.2","1.2.2",NA,"R (>= 2.10)",NA,NA,"cli, covr, knitr, rlang, rmarkdown, testthat (>= 3.0.0),
withr",NA,"Apache License (== 2.0) | file LICENSE",NA,NA,NA,NA,"yes","4.2.2"
"uuid","uuid","C:/Users/albert/AppData/Local/R/win-library/4.2","1.1-0",NA,"R (>= 2.9.0)",NA,NA,NA,NA,"MIT + file LICENSE",NA,NA,NA,NA,"yes","4.2.0"
"V8","V8","C:/Users/albert/AppData/Local/R/win-library/4.2","4.2.2",NA,NA,"Rcpp (>= 0.12.12), jsonlite (>= 1.0), curl (>= 1.0), utils","Rcpp","testthat, knitr, rmarkdown",NA,"MIT + file LICENSE",NA,NA,NA,NA,"yes","4.2.2"
"vctrs","vctrs","C:/Users/albert/AppData/Local/R/win-library/4.2","0.5.0",NA,"R (>= 3.3)","cli (>= 3.4.0), glue, lifecycle (>= 1.0.3), rlang (>= 1.0.6)",NA,"bit64, covr, crayon, dplyr (>= 0.8.5), generics, knitr,
pillar (>= 1.4.4), pkgdown (>= 2.0.1), rmarkdown, testthat (>=
3.0.0), tibble (>= 3.1.3), withr, xml2, waldo (>= 0.2.0),
zeallot",NA,"MIT + file LICENSE",NA,NA,NA,NA,"yes","4.2.2"
"viridisLite","viridisLite","C:/Users/albert/AppData/Local/R/win-library/4.2","0.4.1",NA,"R (>= 2.10)",NA,NA,"hexbin (>= 1.27.0), ggplot2 (>= 1.0.1), testthat, covr",NA,"MIT + file LICENSE",NA,NA,NA,NA,"no","4.2.2"
"vroom","vroom","C:/Users/albert/AppData/Local/R/win-library/4.2","1.6.0",NA,"R (>= 3.4)","bit64, cli (>= 3.2.0), crayon, glue, hms, lifecycle, methods,
rlang (>= 0.4.2), stats, tibble (>= 2.0.0), tidyselect, tzdb
(>= 0.1.1), vctrs (>= 0.2.0), withr","cpp11 (>= 0.2.0), progress (>= 1.2.1), tzdb (>= 0.1.1)","archive, bench (>= 1.1.0), covr, curl, dplyr, forcats, fs,
ggplot2, knitr, patchwork, prettyunits, purrr, rmarkdown,
rstudioapi, scales, spelling, testthat (>= 2.1.0), tidyr,
utils, waldo, xml2",NA,"MIT + file LICENSE",NA,NA,NA,NA,"yes","4.2.2"
"withr","withr","C:/Users/albert/AppData/Local/R/win-library/4.2","2.5.0",NA,"R (>= 3.2.0)","graphics, grDevices, stats",NA,"callr, covr, DBI, knitr, lattice, methods, rlang, rmarkdown
(>= 2.12), RSQLite, testthat (>= 3.0.0)",NA,"MIT + file LICENSE",NA,NA,NA,NA,"no","4.2.2"
"xfun","xfun","C:/Users/albert/AppData/Local/R/win-library/4.2","0.34",NA,NA,"stats, tools",NA,"testit, parallel, codetools, rstudioapi, tinytex (>= 0.30),
mime, markdown, knitr, htmltools, remotes, pak, rhub, renv,
curl, jsonlite, magick, rmarkdown",NA,"MIT + file LICENSE",NA,NA,NA,NA,"yes","4.2.2"
"xml2","xml2","C:/Users/albert/AppData/Local/R/win-library/4.2","1.3.3",NA,"R (>= 3.1.0)","methods",NA,"covr, curl, httr, knitr, magrittr, mockery, rmarkdown,
testthat (>= 2.1.0)",NA,"MIT + file LICENSE",NA,NA,NA,NA,"yes","4.2.2"
"xmlparsedata","xmlparsedata","C:/Users/albert/AppData/Local/R/win-library/4.2","1.0.5",NA,"R (>= 3.0.0)",NA,NA,"covr, testthat, xml2",NA,"MIT + file LICENSE",NA,NA,NA,NA,"no","4.2.2"
"yaml","yaml","C:/Users/albert/AppData/Local/R/win-library/4.2","2.3.6",NA,NA,NA,NA,"RUnit",NA,"BSD_3_clause + file LICENSE",NA,NA,NA,NA,"yes","4.2.1"
"zip","zip","C:/Users/albert/AppData/Local/R/win-library/4.2","2.2.2",NA,NA,NA,NA,"covr, processx, R6, testthat, withr",NA,"MIT + file LICENSE",NA,NA,NA,NA,"yes","4.2.2"
"base","base","C:/Program Files/R/R-4.2.2/library","4.2.2","base",NA,NA,NA,"methods",NA,"Part of R 4.2.2",NA,NA,NA,NA,NA,"4.2.2"
"boot","boot","C:/Program Files/R/R-4.2.2/library","1.3-28","recommended","R (>= 3.0.0), graphics, stats",NA,NA,"MASS, survival",NA,"Unlimited",NA,NA,NA,NA,"no","4.2.2"
"class","class","C:/Program Files/R/R-4.2.2/library","7.3-20","recommended","R (>= 3.0.0), stats, utils","MASS",NA,NA,NA,"GPL-2 | GPL-3",NA,NA,NA,NA,"yes","4.2.2"
"cluster","cluster","C:/Program Files/R/R-4.2.2/library","2.1.4","recommended","R (>= 3.5.0)","graphics, grDevices, stats, utils",NA,"MASS, Matrix",NA,"GPL (>= 2)",NA,NA,NA,NA,"yes","4.2.2"
"codetools","codetools","C:/Program Files/R/R-4.2.2/library","0.2-18","recommended","R (>= 2.1)",NA,NA,NA,NA,"GPL",NA,NA,NA,NA,"no","4.2.2"
"compiler","compiler","C:/Program Files/R/R-4.2.2/library","4.2.2","base",NA,NA,NA,NA,NA,"Part of R 4.2.2",NA,NA,NA,NA,NA,"4.2.2"
"datasets","datasets","C:/Program Files/R/R-4.2.2/library","4.2.2","base",NA,NA,NA,NA,NA,"Part of R 4.2.2",NA,NA,NA,NA,NA,"4.2.2"
"foreign","foreign","C:/Program Files/R/R-4.2.2/library","0.8-83","recommended","R (>= 4.0.0)","methods, utils, stats",NA,NA,NA,"GPL (>= 2)",NA,NA,NA,NA,"yes","4.2.2"
"graphics","graphics","C:/Program Files/R/R-4.2.2/library","4.2.2","base",NA,"grDevices",NA,NA,NA,"Part of R 4.2.2",NA,NA,NA,NA,"yes","4.2.2"
"grDevices","grDevices","C:/Program Files/R/R-4.2.2/library","4.2.2","base",NA,NA,NA,"KernSmooth",NA,"Part of R 4.2.2",NA,NA,NA,NA,"yes","4.2.2"
"grid","grid","C:/Program Files/R/R-4.2.2/library","4.2.2","base",NA,"grDevices, utils",NA,NA,NA,"Part of R 4.2.2",NA,NA,NA,NA,"yes","4.2.2"
"KernSmooth","KernSmooth","C:/Program Files/R/R-4.2.2/library","2.23-20","recommended","R (>= 2.5.0), stats",NA,NA,"MASS, carData",NA,"Unlimited",NA,NA,NA,NA,"yes","4.2.2"
"lattice","lattice","C:/Program Files/R/R-4.2.2/library","0.20-45","recommended","R (>= 3.0.0)","grid, grDevices, graphics, stats, utils",NA,"KernSmooth, MASS, latticeExtra","chron","GPL (>= 2)",NA,NA,NA,NA,"yes","4.2.2"
"MASS","MASS","C:/Program Files/R/R-4.2.2/library","7.3-58.1","recommended","R (>= 3.3.0), grDevices, graphics, stats, utils","methods",NA,"lattice, nlme, nnet, survival",NA,"GPL-2 | GPL-3",NA,NA,NA,NA,"yes","4.2.2"
"Matrix","Matrix","C:/Program Files/R/R-4.2.2/library","1.5-1","recommended","R (>= 3.5.0)","methods, graphics, grid, stats, utils, lattice",NA,"expm, MASS","MatrixModels, graph, SparseM, sfsmisc, igraph, maptools, sp,
spdep","GPL (>= 2) | file LICENCE",NA,NA,NA,NA,"yes","4.2.2"
"methods","methods","C:/Program Files/R/R-4.2.2/library","4.2.2","base",NA,"utils, stats",NA,"codetools",NA,"Part of R 4.2.2",NA,NA,NA,NA,"yes","4.2.2"
"mgcv","mgcv","C:/Program Files/R/R-4.2.2/library","1.8-41","recommended","R (>= 3.6.0), nlme (>= 3.1-64)","methods, stats, graphics, Matrix, splines, utils",NA,"parallel, survival, MASS",NA,"GPL (>= 2)",NA,NA,NA,NA,"yes","4.2.2"
"nlme","nlme","C:/Program Files/R/R-4.2.2/library","3.1-160","recommended","R (>= 3.5.0)","graphics, stats, utils, lattice",NA,"Hmisc, MASS, SASmixed",NA,"GPL (>= 2)",NA,NA,NA,NA,"yes","4.2.2"
"nnet","nnet","C:/Program Files/R/R-4.2.2/library","7.3-18","recommended","R (>= 3.0.0), stats, utils",NA,NA,"MASS",NA,"GPL-2 | GPL-3",NA,NA,NA,NA,"yes","4.2.2"
"parallel","parallel","C:/Program Files/R/R-4.2.2/library","4.2.2","base",NA,"tools, compiler",NA,"methods","snow, nws, Rmpi","Part of R 4.2.2",NA,NA,NA,NA,"yes","4.2.2"
"rpart","rpart","C:/Program Files/R/R-4.2.2/library","4.1.19","recommended","R (>= 2.15.0), graphics, stats, grDevices",NA,NA,"survival",NA,"GPL-2 | GPL-3",NA,NA,NA,NA,"yes","4.2.2"
"spatial","spatial","C:/Program Files/R/R-4.2.2/library","7.3-15","recommended","R (>= 3.0.0), graphics, stats, utils",NA,NA,"MASS",NA,"GPL-2 | GPL-3",NA,NA,NA,NA,"yes","4.2.2"
"splines","splines","C:/Program Files/R/R-4.2.2/library","4.2.2","base",NA,"graphics, stats",NA,"Matrix, methods",NA,"Part of R 4.2.2",NA,NA,NA,NA,"yes","4.2.2"
"stats","stats","C:/Program Files/R/R-4.2.2/library","4.2.2","base",NA,"utils, grDevices, graphics",NA,"MASS, Matrix, SuppDists, methods, stats4",NA,"Part of R 4.2.2",NA,NA,NA,NA,"yes","4.2.2"
"stats4","stats4","C:/Program Files/R/R-4.2.2/library","4.2.2","base",NA,"graphics, methods, stats",NA,NA,NA,"Part of R 4.2.2",NA,NA,NA,NA,NA,"4.2.2"
"survival","survival","C:/Program Files/R/R-4.2.2/library","3.4-0","recommended","R (>= 3.5.0)","graphics, Matrix, methods, splines, stats, utils",NA,NA,NA,"LGPL (>= 2)",NA,NA,NA,NA,"yes","4.2.2"
"tcltk","tcltk","C:/Program Files/R/R-4.2.2/library","4.2.2","base",NA,"utils",NA,NA,NA,"Part of R 4.2.2",NA,NA,NA,NA,"yes","4.2.2"
"tools","tools","C:/Program Files/R/R-4.2.2/library","4.2.2","base",NA,NA,NA,"codetools, methods, xml2, curl, commonmark, knitr, xfun,
mathjaxr",NA,"Part of R 4.2.2",NA,NA,NA,NA,"yes","4.2.2"
"translations","translations","C:/Program Files/R/R-4.2.2/library","4.2.2",NA,NA,NA,NA,NA,NA,"Part of R 4.2.2",NA,NA,NA,NA,NA,"4.2.2"
"utils","utils","C:/Program Files/R/R-4.2.2/library","4.2.2","base",NA,NA,NA,"methods, xml2, commonmark, knitr",NA,"Part of R 4.2.2",NA,NA,NA,NA,"yes","4.2.2"
